Promedio,Varianza,Desviación Estándar,Valor Mínimo,Valor Máximo,Num. datos
0.35900402413080934,0.07068438724650071,0.2658653554837499,0.01910694787246603,0.7272401436844548,10
