Promedio,Varianza,Desviación Estándar,Valor Mínimo,Valor Máximo,Num. datos
0.8397510060327024,0.0044177742029062935,0.06646633887093747,0.7547767369681165,0.9318100359211137,10
