Promedio,Varianza,Desviación Estándar,Valor Mínimo,Valor Máximo,Num. datos
0.5127598654020491,0.07368800085746051,0.27145533860556237,0.01648793481663091,0.9997413066863959,100
