Promedio,Varianza,Desviación Estándar,Valor Mínimo,Valor Máximo,Num. datos
0.8121075549168755,0.0033845953171451186,0.05817727492023942,0.7609521409367161,0.9247771869203956,5
