Promedio,Varianza,Desviación Estándar,Valor Mínimo,Valor Máximo,Num. datos
0.24843021966750153,0.05415352507432192,0.2327090996809577,0.043808563746864815,0.6991087476815825,5
