Promedio,Varianza,Desviación Estándar,Valor Mínimo,Valor Máximo,Num. datos
0.8781899663505122,0.004605500053591282,0.06786383465139059,0.7541219837041577,0.999935326671599,100
