Promedio,Varianza,Desviación Estándar,Valor Mínimo,Valor Máximo,Num. datos
0.4918510264769775,0.07738992686763468,0.2781904507125194,0.01648793481663091,0.9617775753081896,50
