Promedio,Varianza,Desviación Estándar,Valor Mínimo,Valor Máximo,Num. datos
0.8729627566192444,0.004836870429227168,0.06954761267812985,0.7541219837041577,0.9904443938270474,50
